ParticipantID,Condition,Handedness,TrialID,PhraseID,TargetPhrase,InputPhrase,TargetCharCount,InputCharCount,DurationSec,ActiveDurationSec,LevenshteinDist,TotalKeystrokes,WPM,ActiveWPM,MeanWordWPM,CER,KSPC,BackspaceCount
debug-MT10,Controller,R,1,386,important for political parties,important for political parties,31,31,45.498,37.07,0,47,7.912435711459844,9.711356892365794,9.763733192794504,0.0,1.5161290322580645,7
debug-MT10,Controller,R,2,239,you will loose your voice,m non non you will loose your voice,25,35,80.496,66.99000000000001,10,78,5.068574836016697,6.090461262875055,7.820921845619755,0.4,2.2285714285714286,27
debug-MT10,Controller,R,3,443,an excellent way to communicate,m an excellent way to communicate,31,33,65.303,56.409,2,82,5.880281150942531,6.807424347178642,6.351626624757721,0.06451612903225806,2.484848484848485,28
debug-MT10,Controller,R,4,168,I skimmed through your proposal,i skinned skimmed through your proposal,31,39,72.817,60.851,8,57,6.262273919551753,7.493714154245617,8.965064535970443,0.25806451612903225,1.4615384615384615,8
debug-MT10,Controller,R,5,365,just like it says on the can good,just like if it says on the can good,33,36,47.818,31.976,3,50,8.783303358567904,13.134851138353765,9.255343495343435,0.09090909090909091,1.3888888888888888,1
