ParticipantID,Condition,Handedness,TrialID,PhraseID,TargetPhrase,InputPhrase,TargetCharCount,InputCharCount,DurationSec,ActiveDurationSec,LevenshteinDist,TotalKeystrokes,WPM,ActiveWPM,MeanWordWPM,CER,KSPC,BackspaceCount
debug-WE01,Proposed,L,1,448,arguing with the boss is futile,apple artho arguing with the boss ls future m is rubios futile,31,62,215.68,163.20000000000002,31,85,3.3939169139465872,4.485294117647058,4.158848302891908,1.0,1.3709677419354838,13
debug-WE01,Proposed,L,2,225,listen to five hours of opera,listsn lieb listen to five hours or of opera,29,44,176.94,161.295,15,120,2.9162427941675144,3.1991072258904496,3.555834496215552,0.5172413793103449,2.727272727272727,21
debug-WE01,Proposed,L,3,325,the fax machine is broken,the fax machine is broken,25,25,55.226,45.251000000000005,0,40,5.214934994386701,6.36450023203907,5.2966557126528135,0.0,1.6,1
debug-WE01,Proposed,L,4,238,this mission statement is baloney,thiis this mission statement is g baloney m is rally baloney,33,60,203.932,183.212,27,137,3.4717454837887147,3.864375695915115,4.026935273751482,0.8181818181818182,2.283333333333333,36
debug-WE01,Proposed,L,5,349,if diplomacy does not work,if diplomacy dose does not swllti work,26,38,107.788,93.46000000000001,12,75,4.1191969421456935,4.750695484699337,4.975194012952817,0.46153846153846156,1.9736842105263157,18
