ParticipantID,Condition,Handedness,TrialID,PhraseID,TargetPhrase,InputPhrase,TargetCharCount,InputCharCount,DurationSec,ActiveDurationSec,LevenshteinDist,TotalKeystrokes,WPM,ActiveWPM,MeanWordWPM,CER,KSPC,BackspaceCount
debug-AM04,Proposed,R,1,442,spill coffee on the carpet,spil spil spill coffee on the carplet carplet carplet carpet,26,60,81.283,56.26,34,77,8.7103084285767,12.584429434767154,9.904096334450383,1.3076923076923077,1.2833333333333334,10
debug-AM04,Proposed,R,2,227,victims deserve more redress,victims deserve more redress,28,28,24.385,21.79,0,43,13.28685667418495,14.869206057824693,17.383346459628946,0.0,1.5357142857142858,7
debug-AM04,Proposed,R,3,246,we missed your birthday,se we missed your birthday,23,26,54.01,50.265,3,76,5.5545269394556565,5.96836765144733,10.95203434620426,0.13043478260869565,2.923076923076923,24
debug-AM04,Proposed,R,4,5,physics and chemistry are hard,physics and chemistry are hard,30,30,52.512,49.297000000000004,0,75,6.627056672760512,7.059253098565835,14.166299501369338,0.0,2.5,17
debug-AM04,Proposed,R,5,286,house with new electrical panel,house with yes new electrical pane panel,31,40,33.299,25.994,9,49,14.054476110393706,18.00415480495499,18.983222790994414,0.2903225806451613,1.225,3
