ParticipantID,Condition,Handedness,TrialID,PhraseID,TargetPhrase,InputPhrase,TargetCharCount,InputCharCount,DurationSec,ActiveDurationSec,LevenshteinDist,TotalKeystrokes,WPM,ActiveWPM,MeanWordWPM,CER,KSPC,BackspaceCount
debug-HY07,Keyboard,R,1,305,a security force of eight thousand,a security force of eight thousand,34,34,56.383,50.013,0,73,7.023393576077895,7.917941335252833,10.682514990431008,0.0,2.1470588235294117,12
debug-HY07,Keyboard,R,2,253,a glance in the right direction,a glance in right the in the right right direction,31,50,61.04,45.821,19,91,9.63302752293578,12.8325440300299,13.125414552892616,0.6129032258064516,1.82,18
debug-HY07,Keyboard,R,3,85,the store will close at ten,the store will close at ten,27,27,13.116,9.816,0,34,23.787740164684358,31.784841075794617,23.234443803446226,0.0,1.2592592592592593,3
debug-HY07,Keyboard,R,4,290,sharp cheese keeps the mind sharp,sharp cheese keeps the nine sharp the nine mind sharp,33,53,35.528,26.646,20,80,17.56361179914434,23.418149065525782,20.146491442936288,0.6060606060606061,1.509433962264151,13
debug-HY07,Keyboard,R,5,30,beware the ides of March,beware the ides or of match march,24,33,30.697,22.127,9,52,12.509365736065416,17.35436344737199,12.186068759815262,0.375,1.5757575757575757,4
