ParticipantID,Condition,Handedness,TrialID,PhraseID,TargetPhrase,InputPhrase,TargetCharCount,InputCharCount,DurationSec,ActiveDurationSec,LevenshteinDist,TotalKeystrokes,WPM,ActiveWPM,MeanWordWPM,CER,KSPC,BackspaceCount
debug-KM02,Proposed,R,1,354,her majesty visited our country,her man majesty visited our con country,31,39,106.157,86.634,8,65,4.295524553256026,5.263522404598656,4.448999142669865,0.25806451612903225,1.6666666666666667,2
debug-KM02,Proposed,R,2,210,bad for the environment,bad for the c environment,23,25,47.264,36.89,2,42,6.0934326337169935,7.806993765248034,6.87520529477771,0.08695652173913043,1.68,7
debug-KM02,Proposed,R,3,484,dormitory doors are locked at midnight,dormitory roles m dormitory doors are locked at midnight,38,56,103.261,92.34599999999999,18,155,6.391570873805212,7.147033980897928,7.438540810852435,0.47368421052631576,2.767857142857143,66
debug-KM02,Proposed,R,4,488,questioning the wisdom of the courts,questioning the wisdom or or or of the courts,36,45,80.629,67.74000000000001,9,100,6.548512321869303,7.7945084145261285,7.137262916748156,0.25,2.2222222222222223,17
debug-KM02,Proposed,R,5,18,please provide your date of birth,please provide your date of birth,33,33,54.735,46.483,0,58,7.015620718004933,8.261084697631393,8.418889099206734,0.0,1.7575757575757576,4
